major_class_description,2020 (Proposed),2021 (Proposed),2022 (Proposed),2023 (Proposed),2024 (Proposed),2025 (Proposed),dept_name,category_code_description,name,2020 (Revised),2021 (Revised),2022 (Revised),2023 (Revised),2024 (Revised),2025 (Revised)
Advances & Misc.,100,100,100,100,100,100,City Council,Legislative & Elections,City Council,100.0,100.0,100.0,100.0,100.0,100.0
Contrib./Indemnities,100,100,100,100,100,100,City Council,Legislative & Elections,City Council,100.0,100.0,100.0,100.0,100.0,100.0
Debt Service,0,0,0,0,0,0,City Council,Legislative & Elections,City Council,0.0,0.0,0.0,0.0,0.0,0.0
Materials/Equip.,528650,528650,528650,528650,528650,528650,City Council,Legislative & Elections,City Council,603650.0,428650.0,428650.0,528650.0,528650.0,528650.0
Payments to Other Funds,100,100,100,100,100,100,City Council,Legislative & Elections,City Council,100.0,100.0,100.0,100.0,100.0,100.0
Personal Services,15627138,15627138,15627138,15627138,15627138,15627138,City Council,Legislative & Elections,City Council,15627138.0,14877138.0,14877138.0,15627138.0,15627138.0,15627138.0
Purchase of Services,2121885,2121885,2121885,2121885,2121885,2121885,City Council,Legislative & Elections,City Council,2446885.0,1971885.0,1971885.0,2121885.0,2121885.0,2121885.0
Advances & Misc.,0,0,0,0,0,0,Labor,Finance & Administration,Labor,0.0,0.0,0.0,0.0,0.0,0.0
Contrib./Indemnities,0,0,0,0,0,0,Labor,Finance & Administration,Labor,0.0,0.0,0.0,0.0,0.0,0.0
Debt Service,0,0,0,0,0,0,Labor,Finance & Administration,Labor,0.0,0.0,0.0,0.0,0.0,0.0
Materials/Equip.,59420,88420,27420,27420,27420,27420,Labor,Finance & Administration,Labor,59420.0,86420.0,25420.0,27420.0,27420.0,27420.0
Payments to Other Funds,0,0,0,0,0,0,Labor,Finance & Administration,Labor,0.0,0.0,0.0,0.0,0.0,0.0
Personal Services,2121104,2606104,2606104,2606104,2606104,2606104,Labor,Finance & Administration,Labor,2121104.0,2345467.0,2385180.0,2606104.0,2606104.0,2606104.0
Purchase of Services,330317,429717,288317,388317,388317,388317,Labor,Finance & Administration,Labor,330317.0,340217.0,198817.0,388317.0,388317.0,388317.0
Advances & Misc.,0,0,0,0,0,0,Innovation and Technology,Finance & Administration,Innovation and Technology,0.0,0.0,0.0,0.0,0.0,0.0
Contrib./Indemnities,0,0,0,0,0,0,Innovation and Technology,Finance & Administration,Innovation and Technology,0.0,0.0,0.0,0.0,0.0,0.0
Debt Service,0,0,0,0,0,0,Innovation and Technology,Finance & Administration,Innovation and Technology,0.0,0.0,0.0,0.0,0.0,0.0
Materials/Equip.,5931046,9768723,6355905,6355905,6355905,6355905,Innovation and Technology,Finance & Administration,Innovation and Technology,5931046.0,6396428.0,2983610.0,6355905.0,6355905.0,6355905.0
Payments to Other Funds,0,0,0,0,0,0,Innovation and Technology,Finance & Administration,Innovation and Technology,0.0,0.0,0.0,0.0,0.0,0.0
Personal Services,22821367,25030362,31485381,31158861,30434259,30473240,Innovation and Technology,Finance & Administration,Innovation and Technology,22870970.0,22799860.0,29567671.0,31267384.0,30542782.0,30581763.0
Purchase of Services,47217345,50235974,48832445,51951676,52075701,52075701,Innovation and Technology,Finance & Administration,Innovation and Technology,47217345.0,46576598.0,45173069.0,51951676.0,52075701.0,52075701.0
Advances & Misc.,0,0,0,0,0,0,Innovation and Technology,Finance & Administration,OIT: 911,0.0,0.0,0.0,0.0,0.0,0.0
Contrib./Indemnities,0,0,0,0,0,0,Innovation and Technology,Finance & Administration,OIT: 911,0.0,0.0,0.0,0.0,0.0,0.0
Debt Service,0,0,0,0,0,0,Innovation and Technology,Finance & Administration,OIT: 911,0.0,0.0,0.0,0.0,0.0,0.0
Materials/Equip.,13537978,8064399,8064399,8064399,8064399,8064399,Innovation and Technology,Finance & Administration,OIT: 911,13537978.0,23064399.0,8064399.0,8064399.0,8064399.0,8064399.0
Payments to Other Funds,0,0,0,0,0,0,Innovation and Technology,Finance & Administration,OIT: 911,0.0,0.0,0.0,0.0,0.0,0.0
Personal Services,1416547,1341547,1341547,1341547,1341547,1341547,Innovation and Technology,Finance & Administration,OIT: 911,1416547.0,1341547.0,1341547.0,1341547.0,1341547.0,1341547.0
Purchase of Services,26280561,14159009,15237321,15237321,15237321,15237321,Innovation and Technology,Finance & Administration,OIT: 911,26280561.0,29159009.0,15237321.0,15237321.0,15237321.0,15237321.0
Advances & Misc.,0,0,0,0,0,0,Mayor,Finance & Administration,Mayor,0.0,0.0,0.0,0.0,0.0,0.0
Contrib./Indemnities,0,0,0,0,0,0,Mayor,Finance & Administration,Mayor,0.0,0.0,0.0,0.0,0.0,0.0
Debt Service,0,0,0,0,0,0,Mayor,Finance & Administration,Mayor,0.0,0.0,0.0,0.0,0.0,0.0
Materials/Equip.,34841,41841,41841,41841,41841,41841,Mayor,Finance & Administration,Mayor,34841.0,41341.0,41341.0,51841.0,51841.0,51841.0
Payments to Other Funds,0,0,0,0,0,0,Mayor,Finance & Administration,Mayor,0.0,0.0,0.0,0.0,0.0,0.0
Personal Services,5578480,6022980,6022980,6022980,6022980,6022980,Mayor,Finance & Administration,Mayor,5578480.0,5645991.0,5762600.0,6342930.0,6342930.0,6342930.0
Purchase of Services,684965,759965,759965,709965,659965,659965,Mayor,Finance & Administration,Mayor,684965.0,646260.0,646260.0,734965.0,684965.0,684965.0
Advances & Misc.,0,0,0,0,0,0,Mayor,Education,Mayor: Scholarships,0.0,0.0,0.0,0.0,0.0,0.0
Contrib./Indemnities,200000,200000,200000,200000,200000,200000,Mayor,Education,Mayor: Scholarships,200000.0,100000.0,100000.0,200000.0,200000.0,200000.0
Debt Service,0,0,0,0,0,0,Mayor,Education,Mayor: Scholarships,0.0,0.0,0.0,0.0,0.0,0.0
Materials/Equip.,0,0,0,0,0,0,Mayor,Education,Mayor: Scholarships,0.0,0.0,0.0,0.0,0.0,0.0
Payments to Other Funds,0,0,0,0,0,0,Mayor,Education,Mayor: Scholarships,0.0,0.0,0.0,0.0,0.0,0.0
Personal Services,0,0,0,0,0,0,Mayor,Education,Mayor: Scholarships,0.0,0.0,0.0,0.0,0.0,0.0
Purchase of Services,0,0,0,0,0,0,Mayor,Education,Mayor: Scholarships,0.0,0.0,0.0,0.0,0.0,0.0
Advances & Misc.,0,0,0,0,0,0,Community Empowerment,Community Services,Community Empowerment and Opportunity,0.0,0.0,0.0,0.0,0.0,0.0
Contrib./Indemnities,0,0,0,0,0,0,Community Empowerment,Community Services,Community Empowerment and Opportunity,0.0,0.0,0.0,0.0,0.0,0.0
Debt Service,0,0,0,0,0,0,Community Empowerment,Community Services,Community Empowerment and Opportunity,0.0,0.0,0.0,0.0,0.0,0.0
Materials/Equip.,0,0,0,0,0,0,Community Empowerment,Community Services,Community Empowerment and Opportunity,0.0,0.0,0.0,0.0,0.0,0.0
Payments to Other Funds,0,0,0,0,0,0,Community Empowerment,Community Services,Community Empowerment and Opportunity,0.0,0.0,0.0,0.0,0.0,0.0
Personal Services,90000,90000,90000,90000,90000,90000,Community Empowerment,Community Services,Community Empowerment and Opportunity,90000.0,45000.0,45000.0,90000.0,90000.0,90000.0
Purchase of Services,0,0,0,0,0,0,Community Empowerment,Community Services,Community Empowerment and Opportunity,0.0,0.0,0.0,0.0,0.0,0.0
Advances & Misc.,0,0,0,0,0,0,Managing Director,Finance & Administration,Managing Director,0.0,0.0,0.0,0.0,0.0,0.0
Contrib./Indemnities,0,0,0,0,0,0,Managing Director,Finance & Administration,Managing Director,10000000.0,0.0,0.0,0.0,0.0,0.0
Debt Service,0,0,0,0,0,0,Managing Director,Finance & Administration,Managing Director,0.0,0.0,0.0,0.0,0.0,0.0
Materials/Equip.,1339979,1135979,1088979,1088979,1088979,1088979,Managing Director,Finance & Administration,Managing Director,41339979.0,727059.0,680059.0,1088979.0,1088979.0,1088979.0
Payments to Other Funds,0,0,0,0,0,0,Managing Director,Finance & Administration,Managing Director,0.0,0.0,0.0,0.0,0.0,0.0
Personal Services,24888827,26914856,27315692,27544285,27586993,27624338,Managing Director,Finance & Administration,Managing Director,50110339.0,21610374.0,22315906.0,27789816.0,27832524.0,27869869.0
Purchase of Services,34567854,38700659,40292238,40314740,40135754,40135754,Managing Director,Finance & Administration,Managing Director,59567854.0,29697359.0,31288938.0,40314740.0,40135754.0,40135754.0
Advances & Misc.,0,0,0,0,0,0,Managing Director,Finance & Administration,MDO: Legal Services,0.0,0.0,0.0,0.0,0.0,0.0
Contrib./Indemnities,0,0,0,0,0,0,Managing Director,Finance & Administration,MDO: Legal Services,0.0,0.0,0.0,0.0,0.0,0.0
Debt Service,0,0,0,0,0,0,Managing Director,Finance & Administration,MDO: Legal Services,0.0,0.0,0.0,0.0,0.0,0.0
Materials/Equip.,0,0,0,0,0,0,Managing Director,Finance & Administration,MDO: Legal Services,0.0,0.0,0.0,0.0,0.0,0.0
Payments to Other Funds,0,0,0,0,0,0,Managing Director,Finance & Administration,MDO: Legal Services,0.0,0.0,0.0,0.0,0.0,0.0
Personal Services,0,0,0,0,0,0,Managing Director,Finance & Administration,MDO: Legal Services,0.0,0.0,0.0,0.0,0.0,0.0
Purchase of Services,50938541,50938541,50938541,50938541,50938541,50938541,Managing Director,Finance & Administration,MDO: Legal Services,50938541.0,48904181.0,48904181.0,50938541.0,50938541.0,50938541.0
Advances & Misc.,0,0,0,0,0,0,Police,Public Safety,Police,0.0,0.0,0.0,0.0,0.0,0.0
Contrib./Indemnities,0,0,0,0,0,0,Police,Public Safety,Police,0.0,0.0,0.0,0.0,0.0,0.0
Debt Service,0,0,0,0,0,0,Police,Public Safety,Police,0.0,0.0,0.0,0.0,0.0,0.0
Materials/Equip.,14386710,13623740,13300952,13300952,13300952,13300952,Police,Public Safety,Police,14386710.0,13623740.0,13300952.0,13300952.0,13300952.0,13300952.0
Payments to Other Funds,0,0,0,0,0,0,Police,Public Safety,Police,0.0,0.0,0.0,0.0,0.0,0.0
Personal Services,718359324,722578307,723001933,723001933,723001933,723001933,Police,Public Safety,Police,726036275.0,736537168.0,737062433.0,742235138.0,742235138.0,742235138.0
Purchase of Services,10200966,10135755,10105323,9931701,10498245,10907613,Police,Public Safety,Police,8169063.0,10135755.0,10105323.0,9931701.0,10498245.0,10907613.0
Advances & Misc.,0,0,0,0,0,0,Streets,Infrastructure Services,Streets,0.0,0.0,0.0,0.0,0.0,0.0
Contrib./Indemnities,53171,53171,53171,53171,53171,53171,Streets,Infrastructure Services,Streets,53171.0,53171.0,53171.0,53171.0,53171.0,53171.0
Debt Service,0,0,0,0,0,0,Streets,Infrastructure Services,Streets,0.0,0.0,0.0,0.0,0.0,0.0
Materials/Equip.,8078596,15493669,15499991,14919064,14925386,6889386,Streets,Infrastructure Services,Streets,8078596.0,6172885.0,6179207.0,14919064.0,14925386.0,6889386.0
Payments to Other Funds,0,0,0,0,0,0,Streets,Infrastructure Services,Streets,0.0,0.0,0.0,0.0,0.0,0.0
Personal Services,90879112,94376380,96908247,100005482,102633909,102790549,Streets,Infrastructure Services,Streets,90993783.0,85751470.0,88343045.0,100351773.0,102980200.0,103136840.0
Purchase of Services,59782863,60045430,61220473,62453731,64145514,65904912,Streets,Infrastructure Services,Streets,54782863.0,59512680.0,60687723.0,62453731.0,64145514.0,65904912.0
Advances & Misc.,0,0,0,0,0,0,Fire,Public Safety,Fire,0.0,0.0,0.0,0.0,0.0,0.0
Contrib./Indemnities,0,0,0,0,0,0,Fire,Public Safety,Fire,0.0,0.0,0.0,0.0,0.0,0.0
Debt Service,0,0,0,0,0,0,Fire,Public Safety,Fire,0.0,0.0,0.0,0.0,0.0,0.0
Materials/Equip.,10081714,9192914,8975064,9177264,9191981,9225940,Fire,Public Safety,Fire,10081714.0,9192914.0,8975064.0,9177264.0,9191981.0,9225940.0
Payments to Other Funds,9235000,9882000,10574000,11315000,12108000,12108000,Fire,Public Safety,Fire,9235000.0,9882000.0,10574000.0,11315000.0,12108000.0,12108000.0
Personal Services,287757292,280845696,284606046,301993311,303355873,303847153,Fire,Public Safety,Fire,288953567.0,295015892.0,298838788.0,324322087.0,325684649.0,326175929.0
Purchase of Services,6725272,6724702,6728143,6808282,6808729,6811352,Fire,Public Safety,Fire,6725272.0,6724702.0,6728143.0,6808282.0,6808729.0,6811352.0
Advances & Misc.,0,0,0,0,0,0,Public Health,Community Services,Public Health,0.0,0.0,0.0,0.0,0.0,0.0
Contrib./Indemnities,0,0,0,0,0,0,Public Health,Community Services,Public Health,0.0,0.0,0.0,0.0,0.0,0.0
Debt Service,0,0,0,0,0,0,Public Health,Community Services,Public Health,0.0,0.0,0.0,0.0,0.0,0.0
Materials/Equip.,7787348,7577448,6842378,6752378,6752378,6752378,Public Health,Community Services,Public Health,7787348.0,6768973.0,6033903.0,6752378.0,6752378.0,6752378.0
Payments to Other Funds,4500000,4423404,923404,923404,923404,923404,Public Health,Community Services,Public Health,4500000.0,4423404.0,923404.0,923404.0,923404.0,923404.0
Personal Services,58328165,59231953,59209839,59239239,59269521,59300711,Public Health,Community Services,Public Health,58569978.0,57276573.0,57326826.0,59907824.0,59938106.0,59969296.0
Purchase of Services,83524827,95999824,95727735,95675109,95682631,95690303,Public Health,Community Services,Public Health,83524827.0,90506143.0,90234054.0,95675109.0,95682631.0,95690303.0
Advances & Misc.,0,0,0,0,0,0,Behavioral Health,Community Services,Behavioral Health,0.0,0.0,0.0,0.0,0.0,0.0
Contrib./Indemnities,0,0,0,0,0,0,Behavioral Health,Community Services,Behavioral Health,0.0,0.0,0.0,0.0,0.0,0.0
Debt Service,0,0,0,0,0,0,Behavioral Health,Community Services,Behavioral Health,0.0,0.0,0.0,0.0,0.0,0.0
Materials/Equip.,0,0,0,0,0,0,Behavioral Health,Community Services,Behavioral Health,0.0,0.0,0.0,0.0,0.0,0.0
Payments to Other Funds,0,0,0,0,0,0,Behavioral Health,Community Services,Behavioral Health,0.0,0.0,0.0,0.0,0.0,0.0
Personal Services,1770431,1770431,1770431,1770431,1770431,1770431,Behavioral Health,Community Services,Behavioral Health,1555369.0,1545668.0,1560846.0,1560846.0,1560846.0,1560846.0
Purchase of Services,14360976,13930892,13930892,13930892,13930892,13930892,Behavioral Health,Community Services,Behavioral Health,14360976.0,13930892.0,13930892.0,13930892.0,13930892.0,13930892.0
Advances & Misc.,0,0,0,0,0,0,Parks & Rec,"Recreation, Arts & Culture",Parks & Rec,0.0,0.0,0.0,0.0,0.0,0.0
Contrib./Indemnities,2711000,2511000,2511000,2511000,2511000,2511000,Parks & Rec,"Recreation, Arts & Culture",Parks & Rec,2711000.0,0.0,0.0,2511000.0,2511000.0,2511000.0
Debt Service,0,0,0,0,0,0,Parks & Rec,"Recreation, Arts & Culture",Parks & Rec,0.0,0.0,0.0,0.0,0.0,0.0
Materials/Equip.,2970630,2740630,2740630,2740630,2740630,2740630,Parks & Rec,"Recreation, Arts & Culture",Parks & Rec,2970630.0,2022225.0,2022225.0,2740630.0,2740630.0,2740630.0
Payments to Other Funds,0,0,0,0,0,0,Parks & Rec,"Recreation, Arts & Culture",Parks & Rec,0.0,0.0,0.0,0.0,0.0,0.0
Personal Services,52490935,53864318,54237701,54827825,54827825,54827825,Parks & Rec,"Recreation, Arts & Culture",Parks & Rec,52684109.0,46540030.0,46967183.0,55267242.0,55267242.0,55267242.0
Purchase of Services,7224224,6707490,6635490,6675490,6535490,6535490,Parks & Rec,"Recreation, Arts & Culture",Parks & Rec,7224224.0,4482142.0,4410142.0,6675490.0,6535490.0,6535490.0
Advances & Misc.,0,0,0,0,0,0,Atwater Kent,"Recreation, Arts & Culture",Atwater Kent,0.0,0.0,0.0,0.0,0.0,0.0
Contrib./Indemnities,0,0,0,0,0,0,Atwater Kent,"Recreation, Arts & Culture",Atwater Kent,0.0,0.0,0.0,0.0,0.0,0.0
Debt Service,0,0,0,0,0,0,Atwater Kent,"Recreation, Arts & Culture",Atwater Kent,0.0,0.0,0.0,0.0,0.0,0.0
Materials/Equip.,0,0,0,0,0,0,Atwater Kent,"Recreation, Arts & Culture",Atwater Kent,0.0,0.0,0.0,0.0,0.0,0.0
Payments to Other Funds,0,0,0,0,0,0,Atwater Kent,"Recreation, Arts & Culture",Atwater Kent,0.0,0.0,0.0,0.0,0.0,0.0
Personal Services,0,0,0,0,0,0,Atwater Kent,"Recreation, Arts & Culture",Atwater Kent,0.0,0.0,0.0,0.0,0.0,0.0
Purchase of Services,0,0,0,0,0,0,Atwater Kent,"Recreation, Arts & Culture",Atwater Kent,0.0,0.0,0.0,0.0,0.0,0.0
Advances & Misc.,0,0,0,0,0,0,Public Property,Infrastructure Services,Public Property,0.0,0.0,0.0,0.0,0.0,0.0
Contrib./Indemnities,0,0,0,0,0,0,Public Property,Infrastructure Services,Public Property,0.0,0.0,0.0,0.0,0.0,0.0
Debt Service,0,0,0,0,0,0,Public Property,Infrastructure Services,Public Property,0.0,0.0,0.0,0.0,0.0,0.0
Materials/Equip.,1338535,1338535,1338535,1338535,1338535,1338535,Public Property,Infrastructure Services,Public Property,1338535.0,1338535.0,1338535.0,1338535.0,1338535.0,1338535.0
Payments to Other Funds,26643000,28235000,29992000,31746000,33682000,33682000,Public Property,Infrastructure Services,Public Property,26643000.0,28235000.0,29992000.0,31746000.0,33682000.0,33682000.0
Personal Services,11946347,12256621,12256621,12256621,12256621,12256621,Public Property,Infrastructure Services,Public Property,9425727.0,10062340.0,10086437.0,12324211.0,12324211.0,12324211.0
Purchase of Services,36914408,33893532,34432746,34987806,35066216,35135648,Public Property,Infrastructure Services,Public Property,36914408.0,30549657.0,31088871.0,34987806.0,35066216.0,35135648.0
Advances & Misc.,0,0,0,0,0,0,Public Property,Infrastructure Services,Space Rentals,0.0,0.0,0.0,0.0,0.0,0.0
Contrib./Indemnities,0,0,0,0,0,0,Public Property,Infrastructure Services,Space Rentals,0.0,0.0,0.0,0.0,0.0,0.0
Debt Service,0,0,0,0,0,0,Public Property,Infrastructure Services,Space Rentals,0.0,0.0,0.0,0.0,0.0,0.0
Materials/Equip.,0,0,0,0,0,0,Public Property,Infrastructure Services,Space Rentals,0.0,0.0,0.0,0.0,0.0,0.0
Payments to Other Funds,0,0,0,0,0,0,Public Property,Infrastructure Services,Space Rentals,0.0,0.0,0.0,0.0,0.0,0.0
Personal Services,0,0,0,0,0,0,Public Property,Infrastructure Services,Space Rentals,0.0,0.0,0.0,0.0,0.0,0.0
Purchase of Services,26278677,29555004,29460453,29557712,30230784,31075653,Public Property,Infrastructure Services,Space Rentals,26278677.0,25567715.0,25473164.0,29557712.0,30230784.0,31075653.0
Advances & Misc.,0,0,0,0,0,0,Public Property,Infrastructure Services,SEPTA Subsidy,0.0,0.0,0.0,0.0,0.0,0.0
Contrib./Indemnities,0,0,0,0,0,0,Public Property,Infrastructure Services,SEPTA Subsidy,0.0,0.0,0.0,0.0,0.0,0.0
Debt Service,0,0,0,0,0,0,Public Property,Infrastructure Services,SEPTA Subsidy,0.0,0.0,0.0,0.0,0.0,0.0
Materials/Equip.,0,0,0,0,0,0,Public Property,Infrastructure Services,SEPTA Subsidy,0.0,0.0,0.0,0.0,0.0,0.0
Payments to Other Funds,0,0,0,0,0,0,Public Property,Infrastructure Services,SEPTA Subsidy,0.0,0.0,0.0,0.0,0.0,0.0
Personal Services,0,0,0,0,0,0,Public Property,Infrastructure Services,SEPTA Subsidy,0.0,0.0,0.0,0.0,0.0,0.0
Purchase of Services,86356000,88955000,91629000,94816000,98117000,101532000,Public Property,Infrastructure Services,SEPTA Subsidy,86356000.0,84608000.0,91629000.0,94816000.0,98117000.0,101532000.0
Advances & Misc.,0,0,0,0,0,0,Public Property,Infrastructure Services,Utilities,0.0,0.0,0.0,0.0,0.0,0.0
Contrib./Indemnities,0,0,0,0,0,0,Public Property,Infrastructure Services,Utilities,0.0,0.0,0.0,0.0,0.0,0.0
Debt Service,0,0,0,0,0,0,Public Property,Infrastructure Services,Utilities,0.0,0.0,0.0,0.0,0.0,0.0
Materials/Equip.,0,0,0,0,0,0,Public Property,Infrastructure Services,Utilities,0.0,0.0,0.0,0.0,0.0,0.0
Payments to Other Funds,0,0,0,0,0,0,Public Property,Infrastructure Services,Utilities,0.0,0.0,0.0,0.0,0.0,0.0
Personal Services,0,0,0,0,0,0,Public Property,Infrastructure Services,Utilities,0.0,0.0,0.0,0.0,0.0,0.0
Purchase of Services,27393339,25447623,26304495,27242881,28160163,29108406,Public Property,Infrastructure Services,Utilities,27393339.0,25447623.0,26304495.0,27242881.0,28160163.0,29108406.0
Advances & Misc.,0,0,0,0,0,0,Human Services,Community Services,Human Services,0.0,0.0,0.0,0.0,0.0,0.0
Contrib./Indemnities,0,0,0,0,0,0,Human Services,Community Services,Human Services,0.0,0.0,0.0,0.0,0.0,0.0
Debt Service,0,0,0,0,0,0,Human Services,Community Services,Human Services,0.0,0.0,0.0,0.0,0.0,0.0
Materials/Equip.,2069970,2111970,2111970,2111970,2111970,2111970,Human Services,Community Services,Human Services,2069970.0,2111970.0,2111970.0,2111970.0,2111970.0,2111970.0
Payments to Other Funds,0,0,0,0,0,0,Human Services,Community Services,Human Services,0.0,0.0,0.0,0.0,0.0,0.0
Personal Services,27710550,30750730,30790730,30805730,30805730,30805730,Human Services,Community Services,Human Services,28313180.0,30688565.0,30772998.0,31216489.0,31216489.0,31216489.0
Purchase of Services,89248594,146055809,153164775,157351533,155887523,155887523,Human Services,Community Services,Human Services,89248594.0,129305230.0,136414196.0,157351533.0,155887523.0,155887523.0
Advances & Misc.,0,0,0,0,0,0,Prisons,Public Safety,Prisons,0.0,0.0,0.0,0.0,0.0,0.0
Contrib./Indemnities,1201757,1601757,1201757,1201757,1201757,1201757,Prisons,Public Safety,Prisons,1201757.0,1201757.0,801757.0,1201757.0,1201757.0,1201757.0
Debt Service,0,0,0,0,0,0,Prisons,Public Safety,Prisons,0.0,0.0,0.0,0.0,0.0,0.0
Materials/Equip.,4373744,4373744,4373744,4373744,4373744,4373744,Prisons,Public Safety,Prisons,4373744.0,4016769.0,4016769.0,4373744.0,4373744.0,4373744.0
Payments to Other Funds,0,0,0,0,0,0,Prisons,Public Safety,Prisons,0.0,0.0,0.0,0.0,0.0,0.0
Personal Services,139765668,139765668,139765668,139765668,139765668,139765668,Prisons,Public Safety,Prisons,139868168.0,124008270.0,124044012.0,140076818.0,140076818.0,140076818.0
Purchase of Services,106842354,107442354,106842354,106842354,106842354,106842354,Prisons,Public Safety,Prisons,106842354.0,87975948.0,87375948.0,106842354.0,106842354.0,106842354.0
Advances & Misc.,0,0,0,0,0,0,Homeless Services,Community Services,Homeless Services,0.0,0.0,0.0,0.0,0.0,0.0
Contrib./Indemnities,32421,32421,32421,32421,32421,32421,Homeless Services,Community Services,Homeless Services,32421.0,32421.0,32421.0,32421.0,32421.0,32421.0
Debt Service,0,0,0,0,0,0,Homeless Services,Community Services,Homeless Services,0.0,0.0,0.0,0.0,0.0,0.0
Materials/Equip.,344127,344127,344127,344127,344127,344127,Homeless Services,Community Services,Homeless Services,344127.0,344127.0,344127.0,344127.0,344127.0,344127.0
Payments to Other Funds,0,0,0,0,0,0,Homeless Services,Community Services,Homeless Services,0.0,0.0,0.0,0.0,0.0,0.0
Personal Services,9565192,9705823,9705823,9705823,9705823,9705823,Homeless Services,Community Services,Homeless Services,9614067.0,8014343.0,8048520.0,9822196.0,9822196.0,9822196.0
Purchase of Services,50879286,50719674,49186773,49854046,49471326,49471326,Homeless Services,Community Services,Homeless Services,50879286.0,39593350.0,38060449.0,49854046.0,49471326.0,49471326.0
Advances & Misc.,0,0,0,0,0,0,Fleet,Finance & Administration,Fleet,0.0,0.0,0.0,0.0,0.0,0.0
Contrib./Indemnities,0,0,0,0,0,0,Fleet,Finance & Administration,Fleet,0.0,0.0,0.0,0.0,0.0,0.0
Debt Service,0,0,0,0,0,0,Fleet,Finance & Administration,Fleet,0.0,0.0,0.0,0.0,0.0,0.0
Materials/Equip.,25391767,26463211,26463211,26463211,26463211,26463211,Fleet,Finance & Administration,Fleet,25391767.0,22376873.0,22376873.0,26463211.0,26463211.0,26463211.0
Payments to Other Funds,0,0,0,0,0,0,Fleet,Finance & Administration,Fleet,0.0,0.0,0.0,0.0,0.0,0.0
Personal Services,19416871,19524871,19524871,19524871,19524871,19524871,Fleet,Finance & Administration,Fleet,19436197.0,18824339.0,18841564.0,19590852.0,19590852.0,19590852.0
Purchase of Services,5305396,5353396,5401396,5449396,5449396,5449396,Fleet,Finance & Administration,Fleet,5305396.0,5353396.0,5401396.0,5449396.0,5449396.0,5449396.0
Advances & Misc.,0,0,0,0,0,0,Fleet,Finance & Administration,Vehicle Purchases/Leases,0.0,0.0,0.0,0.0,0.0,0.0
Contrib./Indemnities,0,0,0,0,0,0,Fleet,Finance & Administration,Vehicle Purchases/Leases,0.0,0.0,0.0,0.0,0.0,0.0
Debt Service,0,0,0,0,0,0,Fleet,Finance & Administration,Vehicle Purchases/Leases,0.0,0.0,0.0,0.0,0.0,0.0
Materials/Equip.,17286549,14797739,14797739,14797739,14797739,14797739,Fleet,Finance & Administration,Vehicle Purchases/Leases,17286549.0,9797739.0,9797739.0,14797739.0,14797739.0,14797739.0
Payments to Other Funds,0,0,0,0,0,0,Fleet,Finance & Administration,Vehicle Purchases/Leases,0.0,0.0,0.0,0.0,0.0,0.0
Personal Services,0,0,0,0,0,0,Fleet,Finance & Administration,Vehicle Purchases/Leases,0.0,0.0,0.0,0.0,0.0,0.0
Purchase of Services,0,0,0,0,0,0,Fleet,Finance & Administration,Vehicle Purchases/Leases,0.0,0.0,0.0,0.0,0.0,0.0
Advances & Misc.,0,0,0,0,0,0,Licenses & Inspections,Regulatory,Licenses & Inspections,0.0,0.0,0.0,0.0,0.0,0.0
Contrib./Indemnities,0,0,0,0,0,0,Licenses & Inspections,Regulatory,Licenses & Inspections,0.0,0.0,0.0,0.0,0.0,0.0
Debt Service,0,0,0,0,0,0,Licenses & Inspections,Regulatory,Licenses & Inspections,0.0,0.0,0.0,0.0,0.0,0.0
Materials/Equip.,1165241,934475,934475,934475,934475,934475,Licenses & Inspections,Regulatory,Licenses & Inspections,1165241.0,834475.0,834475.0,934475.0,934475.0,934475.0
Payments to Other Funds,0,0,0,0,0,0,Licenses & Inspections,Regulatory,Licenses & Inspections,0.0,0.0,0.0,0.0,0.0,0.0
Personal Services,26547317,26104611,26104611,25724611,25724611,25724611,Licenses & Inspections,Regulatory,Licenses & Inspections,26654803.0,23743982.0,23787518.0,25975463.0,25975463.0,25975463.0
Purchase of Services,14403945,14640359,14249060,13972810,13972810,13972810,Licenses & Inspections,Regulatory,Licenses & Inspections,14403945.0,13140359.0,12749060.0,13972810.0,13972810.0,13972810.0
Advances & Misc.,0,0,0,0,0,0,Board of Review,Regulatory,L&I: Board of Review,0.0,0.0,0.0,0.0,0.0,0.0
Contrib./Indemnities,0,0,0,0,0,0,Board of Review,Regulatory,L&I: Board of Review,0.0,0.0,0.0,0.0,0.0,0.0
Debt Service,0,0,0,0,0,0,Board of Review,Regulatory,L&I: Board of Review,0.0,0.0,0.0,0.0,0.0,0.0
Materials/Equip.,0,0,0,0,0,0,Board of Review,Regulatory,L&I: Board of Review,0.0,0.0,0.0,0.0,0.0,0.0
Payments to Other Funds,0,0,0,0,0,0,Board of Review,Regulatory,L&I: Board of Review,0.0,0.0,0.0,0.0,0.0,0.0
Personal Services,163434,163434,163434,163434,163434,163434,Board of Review,Regulatory,L&I: Board of Review,164293.0,164544.0,164544.0,164544.0,164544.0,164544.0
Purchase of Services,10436,10436,10436,10436,10436,10436,Board of Review,Regulatory,L&I: Board of Review,10436.0,10436.0,10436.0,10436.0,10436.0,10436.0
Advances & Misc.,0,0,0,0,0,0,Board of Bldg. Stds.,Regulatory,L&I: Board of Building Standards,0.0,0.0,0.0,0.0,0.0,0.0
Contrib./Indemnities,0,0,0,0,0,0,Board of Bldg. Stds.,Regulatory,L&I: Board of Building Standards,0.0,0.0,0.0,0.0,0.0,0.0
Debt Service,0,0,0,0,0,0,Board of Bldg. Stds.,Regulatory,L&I: Board of Building Standards,0.0,0.0,0.0,0.0,0.0,0.0
Materials/Equip.,0,0,0,0,0,0,Board of Bldg. Stds.,Regulatory,L&I: Board of Building Standards,0.0,0.0,0.0,0.0,0.0,0.0
Payments to Other Funds,0,0,0,0,0,0,Board of Bldg. Stds.,Regulatory,L&I: Board of Building Standards,0.0,0.0,0.0,0.0,0.0,0.0
Personal Services,80366,80366,80366,80366,80366,80366,Board of Bldg. Stds.,Regulatory,L&I: Board of Building Standards,80602.0,82018.0,82018.0,82018.0,82018.0,82018.0
Purchase of Services,0,0,0,0,0,0,Board of Bldg. Stds.,Regulatory,L&I: Board of Building Standards,0.0,0.0,0.0,0.0,0.0,0.0
Advances & Misc.,0,0,0,0,0,0,Records,Finance & Administration,Records,0.0,0.0,0.0,0.0,0.0,0.0
Contrib./Indemnities,1456,1456,1456,1456,1456,1456,Records,Finance & Administration,Records,1456.0,0.0,0.0,1456.0,1456.0,1456.0
Debt Service,0,0,0,0,0,0,Records,Finance & Administration,Records,0.0,0.0,0.0,0.0,0.0,0.0
Materials/Equip.,308758,143758,143758,143758,143758,143758,Records,Finance & Administration,Records,308758.0,143758.0,143758.0,143758.0,143758.0,143758.0
Payments to Other Funds,0,0,0,0,0,0,Records,Finance & Administration,Records,0.0,0.0,0.0,0.0,0.0,0.0
Personal Services,3258159,3258159,3258159,3258159,3258159,3258159,Records,Finance & Administration,Records,3268492.0,3079932.0,3088979.0,3280439.0,3280439.0,3280439.0
Purchase of Services,1373779,1538779,1538779,1538779,1538779,1538779,Records,Finance & Administration,Records,1373779.0,743265.0,743265.0,1538779.0,1538779.0,1538779.0
Advances & Misc.,0,0,0,0,0,0,Art Museum,"Recreation, Arts & Culture",Art Museum,0.0,0.0,0.0,0.0,0.0,0.0
Contrib./Indemnities,2550000,2550000,2550000,2550000,2550000,2550000,Art Museum,"Recreation, Arts & Culture",Art Museum,2550000.0,2040000.0,2040000.0,2550000.0,2550000.0,2550000.0
Debt Service,0,0,0,0,0,0,Art Museum,"Recreation, Arts & Culture",Art Museum,0.0,0.0,0.0,0.0,0.0,0.0
Materials/Equip.,0,0,0,0,0,0,Art Museum,"Recreation, Arts & Culture",Art Museum,0.0,0.0,0.0,0.0,0.0,0.0
Payments to Other Funds,0,0,0,0,0,0,Art Museum,"Recreation, Arts & Culture",Art Museum,0.0,0.0,0.0,0.0,0.0,0.0
Personal Services,0,0,0,0,0,0,Art Museum,"Recreation, Arts & Culture",Art Museum,0.0,0.0,0.0,0.0,0.0,0.0
Purchase of Services,0,0,0,0,0,0,Art Museum,"Recreation, Arts & Culture",Art Museum,0.0,0.0,0.0,0.0,0.0,0.0
Advances & Misc.,25000000,0,0,0,0,0,Finance,Finance & Administration,Finance,0.0,0.0,0.0,0.0,0.0,0.0
Contrib./Indemnities,4975000,3595000,2645000,3595000,4095000,4095000,Finance,Finance & Administration,Finance,4975000.0,950000.0,650000.0,1600000.0,2100000.0,2100000.0
Debt Service,0,0,0,0,0,0,Finance,Finance & Administration,Finance,0.0,0.0,0.0,0.0,0.0,0.0
Materials/Equip.,103109,103109,103109,103109,103109,103109,Finance,Finance & Administration,Finance,103109.0,35616.0,35616.0,103109.0,103109.0,103109.0
Payments to Other Funds,33285000,21143000,14110000,16022000,22458000,21201000,Finance,Finance & Administration,Finance,33285000.0,4500000.0,14110000.0,16022000.0,22458000.0,21201000.0
Personal Services,9216467,11866911,11790887,11765087,11864229,11966345,Finance,Finance & Administration,Finance,9241878.0,10278838.0,10317717.0,11855848.0,11954990.0,12057106.0
Purchase of Services,3284912,3361912,3361912,3208312,3169912,3169912,Finance,Finance & Administration,Finance,3284912.0,2626660.0,2626660.0,3208312.0,3169912.0,3169912.0
Advances & Misc.,0,0,0,0,0,0,Finance,Budget Reserves,Budget Stabilization Reserve,0.0,0.0,0.0,0.0,0.0,0.0
Contrib./Indemnities,0,0,0,0,0,0,Finance,Budget Reserves,Budget Stabilization Reserve,0.0,0.0,0.0,0.0,0.0,0.0
Debt Service,0,0,0,0,0,0,Finance,Budget Reserves,Budget Stabilization Reserve,0.0,0.0,0.0,0.0,0.0,0.0
Materials/Equip.,0,0,0,0,0,0,Finance,Budget Reserves,Budget Stabilization Reserve,0.0,0.0,0.0,0.0,0.0,0.0
Payments to Other Funds,34276000,36528000,37563000,39264000,40124000,41126000,Finance,Budget Reserves,Budget Stabilization Reserve,34276000.0,0.0,0.0,0.0,39711000.0,40585000.0
Personal Services,0,0,0,0,0,0,Finance,Budget Reserves,Budget Stabilization Reserve,0.0,0.0,0.0,0.0,0.0,0.0
Purchase of Services,0,0,0,0,0,0,Finance,Budget Reserves,Budget Stabilization Reserve,0.0,0.0,0.0,0.0,0.0,0.0
Advances & Misc.,0,0,0,0,0,0,Finance,Education,Community College Subsidy,0.0,0.0,0.0,0.0,0.0,0.0
Contrib./Indemnities,36059207,54498018,54569545,54569545,54569545,54569545,Finance,Education,Community College Subsidy,36059207.0,44110159.0,48128075.0,50106653.0,50860996.0,50758698.0
Debt Service,0,0,0,0,0,0,Finance,Education,Community College Subsidy,0.0,0.0,0.0,0.0,0.0,0.0
Materials/Equip.,0,0,0,0,0,0,Finance,Education,Community College Subsidy,0.0,0.0,0.0,0.0,0.0,0.0
Payments to Other Funds,0,0,0,0,0,0,Finance,Education,Community College Subsidy,0.0,0.0,0.0,0.0,0.0,0.0
Personal Services,0,0,0,0,0,0,Finance,Education,Community College Subsidy,0.0,0.0,0.0,0.0,0.0,0.0
Purchase of Services,0,0,0,0,0,0,Finance,Education,Community College Subsidy,0.0,0.0,0.0,0.0,0.0,0.0
Advances & Misc.,0,0,0,0,0,0,Finance,Finance & Administration,Employee Benefits,0.0,0.0,0.0,0.0,0.0,0.0
Contrib./Indemnities,0,0,0,0,0,0,Finance,Finance & Administration,Employee Benefits,0.0,0.0,0.0,0.0,0.0,0.0
Debt Service,0,0,0,0,0,0,Finance,Finance & Administration,Employee Benefits,0.0,0.0,0.0,0.0,0.0,0.0
Materials/Equip.,0,0,0,0,0,0,Finance,Finance & Administration,Employee Benefits,0.0,0.0,0.0,0.0,0.0,0.0
Payments to Other Funds,0,0,0,0,0,0,Finance,Finance & Administration,Employee Benefits,0.0,0.0,0.0,0.0,0.0,0.0
Personal Services,1412938432,1430746607,1473243529,1525401650,1576064395,1624988316,Finance,Finance & Administration,Employee Benefits,1408186614.0,1382872245.0,1438023441.0,1501538416.0,1556853380.0,1614162599.0
Purchase of Services,0,0,0,0,0,0,Finance,Finance & Administration,Employee Benefits,0.0,0.0,0.0,0.0,0.0,0.0
Advances & Misc.,0,0,0,0,0,0,Finance,Education,Hero Awards,0.0,0.0,0.0,0.0,0.0,0.0
Contrib./Indemnities,25000,25000,25000,25000,25000,25000,Finance,Education,Hero Awards,25000.0,25000.0,25000.0,25000.0,25000.0,25000.0
Debt Service,0,0,0,0,0,0,Finance,Education,Hero Awards,0.0,0.0,0.0,0.0,0.0,0.0
Materials/Equip.,0,0,0,0,0,0,Finance,Education,Hero Awards,0.0,0.0,0.0,0.0,0.0,0.0
Payments to Other Funds,0,0,0,0,0,0,Finance,Education,Hero Awards,0.0,0.0,0.0,0.0,0.0,0.0
Personal Services,0,0,0,0,0,0,Finance,Education,Hero Awards,0.0,0.0,0.0,0.0,0.0,0.0
Purchase of Services,0,0,0,0,0,0,Finance,Education,Hero Awards,0.0,0.0,0.0,0.0,0.0,0.0
Advances & Misc.,0,0,0,0,0,0,Finance,Finance & Administration,Indemnities,0.0,0.0,0.0,0.0,0.0,0.0
Contrib./Indemnities,49246000,50320000,50320000,50320000,50320000,50320000,Finance,Finance & Administration,Indemnities,49246000.0,49246000.0,49246000.0,50320000.0,50320000.0,50320000.0
Debt Service,0,0,0,0,0,0,Finance,Finance & Administration,Indemnities,0.0,0.0,0.0,0.0,0.0,0.0
Materials/Equip.,0,0,0,0,0,0,Finance,Finance & Administration,Indemnities,0.0,0.0,0.0,0.0,0.0,0.0
Payments to Other Funds,0,0,0,0,0,0,Finance,Finance & Administration,Indemnities,0.0,0.0,0.0,0.0,0.0,0.0
Personal Services,0,0,0,0,0,0,Finance,Finance & Administration,Indemnities,0.0,0.0,0.0,0.0,0.0,0.0
Purchase of Services,0,0,0,0,0,0,Finance,Finance & Administration,Indemnities,0.0,0.0,0.0,0.0,0.0,0.0
Advances & Misc.,0,0,0,0,0,0,Finance,Finance & Administration,Refunds,0.0,0.0,0.0,0.0,0.0,0.0
Contrib./Indemnities,250000,250000,250000,250000,250000,250000,Finance,Finance & Administration,Refunds,250000.0,250000.0,250000.0,250000.0,250000.0,250000.0
Debt Service,0,0,0,0,0,0,Finance,Finance & Administration,Refunds,0.0,0.0,0.0,0.0,0.0,0.0
Materials/Equip.,0,0,0,0,0,0,Finance,Finance & Administration,Refunds,0.0,0.0,0.0,0.0,0.0,0.0
Payments to Other Funds,0,0,0,0,0,0,Finance,Finance & Administration,Refunds,0.0,0.0,0.0,0.0,0.0,0.0
Personal Services,0,0,0,0,0,0,Finance,Finance & Administration,Refunds,0.0,0.0,0.0,0.0,0.0,0.0
Purchase of Services,0,0,0,0,0,0,Finance,Finance & Administration,Refunds,0.0,0.0,0.0,0.0,0.0,0.0
Advances & Misc.,0,0,0,0,0,0,Finance,Finance & Administration,Disability Reg #32 Payroll,0.0,0.0,0.0,0.0,0.0,0.0
Contrib./Indemnities,0,0,0,0,0,0,Finance,Finance & Administration,Disability Reg #32 Payroll,0.0,0.0,0.0,0.0,0.0,0.0
Debt Service,0,0,0,0,0,0,Finance,Finance & Administration,Disability Reg #32 Payroll,0.0,0.0,0.0,0.0,0.0,0.0
Materials/Equip.,0,0,0,0,0,0,Finance,Finance & Administration,Disability Reg #32 Payroll,0.0,0.0,0.0,0.0,0.0,0.0
Payments to Other Funds,0,0,0,0,0,0,Finance,Finance & Administration,Disability Reg #32 Payroll,0.0,0.0,0.0,0.0,0.0,0.0
Personal Services,2650000,2650000,2650000,2650000,2650000,2650000,Finance,Finance & Administration,Disability Reg #32 Payroll,2650000.0,2650000.0,2650000.0,2650000.0,2650000.0,2650000.0
Purchase of Services,0,0,0,0,0,0,Finance,Finance & Administration,Disability Reg #32 Payroll,0.0,0.0,0.0,0.0,0.0,0.0
Advances & Misc.,55108000,56705000,58356000,58356000,58356000,58356000,Finance,Budget Reserves,Recession Reserve,18403000.0,50000000.0,70000000.0,30000000.0,25000000.0,25000000.0
Contrib./Indemnities,0,0,0,0,0,0,Finance,Budget Reserves,Recession Reserve,0.0,0.0,0.0,0.0,0.0,0.0
Debt Service,0,0,0,0,0,0,Finance,Budget Reserves,Recession Reserve,0.0,0.0,0.0,0.0,0.0,0.0
Materials/Equip.,0,0,0,0,0,0,Finance,Budget Reserves,Recession Reserve,0.0,0.0,0.0,0.0,0.0,0.0
Payments to Other Funds,0,0,0,0,0,0,Finance,Budget Reserves,Recession Reserve,0.0,0.0,0.0,0.0,0.0,0.0
Personal Services,0,0,0,0,0,0,Finance,Budget Reserves,Recession Reserve,0.0,0.0,0.0,0.0,0.0,0.0
Purchase of Services,0,0,0,0,0,0,Finance,Budget Reserves,Recession Reserve,0.0,0.0,0.0,0.0,0.0,0.0
Advances & Misc.,0,0,0,0,0,0,Finance,Education,School District Contribution,0.0,0.0,0.0,0.0,0.0,0.0
Contrib./Indemnities,222456410,267578558,284953201,282052590,288191821,288191821,Finance,Education,School District Contribution,222456410.0,252578558.0,269953201.0,282052590.0,288191821.0,288191821.0
Debt Service,0,0,0,0,0,0,Finance,Education,School District Contribution,0.0,0.0,0.0,0.0,0.0,0.0
Materials/Equip.,0,0,0,0,0,0,Finance,Education,School District Contribution,0.0,0.0,0.0,0.0,0.0,0.0
Payments to Other Funds,0,0,0,0,0,0,Finance,Education,School District Contribution,0.0,0.0,0.0,0.0,0.0,0.0
Personal Services,0,0,0,0,0,0,Finance,Education,School District Contribution,0.0,0.0,0.0,0.0,0.0,0.0
Purchase of Services,0,0,0,0,0,0,Finance,Education,School District Contribution,0.0,0.0,0.0,0.0,0.0,0.0
Advances & Misc.,0,0,0,0,0,0,Finance,Finance & Administration,Witness Fees,0.0,0.0,0.0,0.0,0.0,0.0
Contrib./Indemnities,0,0,0,0,0,0,Finance,Finance & Administration,Witness Fees,0.0,0.0,0.0,0.0,0.0,0.0
Debt Service,0,0,0,0,0,0,Finance,Finance & Administration,Witness Fees,0.0,0.0,0.0,0.0,0.0,0.0
Materials/Equip.,0,0,0,0,0,0,Finance,Finance & Administration,Witness Fees,0.0,0.0,0.0,0.0,0.0,0.0
Payments to Other Funds,0,0,0,0,0,0,Finance,Finance & Administration,Witness Fees,0.0,0.0,0.0,0.0,0.0,0.0
Personal Services,0,0,0,0,0,0,Finance,Finance & Administration,Witness Fees,0.0,0.0,0.0,0.0,0.0,0.0
Purchase of Services,171518,171518,171518,171518,171518,171518,Finance,Finance & Administration,Witness Fees,171518.0,171518.0,171518.0,171518.0,171518.0,171518.0
Advances & Misc.,0,0,0,0,0,0,Revenue,Finance & Administration,Revenue,0.0,0.0,0.0,0.0,0.0,0.0
Contrib./Indemnities,0,0,0,0,0,0,Revenue,Finance & Administration,Revenue,0.0,0.0,0.0,0.0,0.0,0.0
Debt Service,0,0,0,0,0,0,Revenue,Finance & Administration,Revenue,0.0,0.0,0.0,0.0,0.0,0.0
Materials/Equip.,1188976,964976,964976,964976,964976,964976,Revenue,Finance & Administration,Revenue,1188976.0,859976.0,859976.0,964976.0,964976.0,964976.0
Payments to Other Funds,0,0,0,0,0,0,Revenue,Finance & Administration,Revenue,0.0,0.0,0.0,0.0,0.0,0.0
Personal Services,23978133,24268133,24268133,24268133,24268133,24268133,Revenue,Finance & Administration,Revenue,24073730.0,22536343.0,22652745.0,24480907.0,24480907.0,24480907.0
Purchase of Services,7755749,7652749,7652749,7652749,7652749,7652749,Revenue,Finance & Administration,Revenue,7755749.0,5627749.0,5627749.0,7652749.0,7652749.0,7652749.0
Advances & Misc.,0,0,0,0,0,0,Debt Service,Finance & Administration,Debt Service,0.0,0.0,0.0,0.0,0.0,0.0
Contrib./Indemnities,0,0,0,0,0,0,Debt Service,Finance & Administration,Debt Service,0.0,0.0,0.0,0.0,0.0,0.0
Debt Service,187482819,181589117,204731919,218735144,242239863,255616857,Debt Service,Finance & Administration,Debt Service,187482819.0,181589117.0,204731919.0,218735144.0,242239863.0,255616857.0
Materials/Equip.,0,0,0,0,0,0,Debt Service,Finance & Administration,Debt Service,0.0,0.0,0.0,0.0,0.0,0.0
Payments to Other Funds,0,0,0,0,0,0,Debt Service,Finance & Administration,Debt Service,0.0,0.0,0.0,0.0,0.0,0.0
Personal Services,0,0,0,0,0,0,Debt Service,Finance & Administration,Debt Service,0.0,0.0,0.0,0.0,0.0,0.0
Purchase of Services,109222498,101655814,111180808,118576150,119354527,119166320,Debt Service,Finance & Administration,Debt Service,109222498.0,99255814.0,108711058.0,124455050.0,125227227.0,125036520.0
Advances & Misc.,0,0,0,0,0,0,Procurement,Finance & Administration,Procurement,0.0,0.0,0.0,0.0,0.0,0.0
Contrib./Indemnities,0,0,0,0,0,0,Procurement,Finance & Administration,Procurement,0.0,0.0,0.0,0.0,0.0,0.0
Debt Service,0,0,0,0,0,0,Procurement,Finance & Administration,Procurement,0.0,0.0,0.0,0.0,0.0,0.0
Materials/Equip.,49054,49054,49054,49054,49054,49054,Procurement,Finance & Administration,Procurement,49054.0,40194.0,40194.0,49054.0,49054.0,49054.0
Payments to Other Funds,0,0,0,0,0,0,Procurement,Finance & Administration,Procurement,0.0,0.0,0.0,0.0,0.0,0.0
Personal Services,2738906,2738906,2738906,2738906,2738906,2738906,Procurement,Finance & Administration,Procurement,2752970.0,2430908.0,2445011.0,2768055.0,2768055.0,2768055.0
Purchase of Services,4164267,2316267,2316267,2316267,2316267,2316267,Procurement,Finance & Administration,Procurement,2916267.0,2273634.0,2273634.0,2316267.0,2316267.0,2316267.0
Advances & Misc.,0,0,0,0,0,0,City Treasurer,Finance & Administration,City Treasurer,0.0,0.0,0.0,0.0,0.0,0.0
Contrib./Indemnities,0,0,0,0,0,0,City Treasurer,Finance & Administration,City Treasurer,0.0,0.0,0.0,0.0,0.0,0.0
Debt Service,0,0,0,0,0,0,City Treasurer,Finance & Administration,City Treasurer,0.0,0.0,0.0,0.0,0.0,0.0
Materials/Equip.,22224,22224,22224,22224,22224,22224,City Treasurer,Finance & Administration,City Treasurer,22224.0,22224.0,22224.0,22224.0,22224.0,22224.0
Payments to Other Funds,0,0,0,0,0,0,City Treasurer,Finance & Administration,City Treasurer,0.0,0.0,0.0,0.0,0.0,0.0
Personal Services,1288866,1472266,1478866,1478866,1478866,1478866,City Treasurer,Finance & Administration,City Treasurer,1293623.0,1366107.0,1393012.0,1488012.0,1488012.0,1488012.0
Purchase of Services,198444,199444,199444,199444,199444,199444,City Treasurer,Finance & Administration,City Treasurer,198444.0,193544.0,193544.0,199444.0,199444.0,199444.0
Advances & Misc.,0,0,0,0,0,0,City Rep,City Development,City Representative,0.0,0.0,0.0,0.0,0.0,0.0
Contrib./Indemnities,0,0,0,0,0,0,City Rep,City Development,City Representative,0.0,0.0,0.0,0.0,0.0,0.0
Debt Service,0,0,0,0,0,0,City Rep,City Development,City Representative,0.0,0.0,0.0,0.0,0.0,0.0
Materials/Equip.,54000,54000,54000,54000,54000,54000,City Rep,City Development,City Representative,54000.0,0.0,0.0,0.0,0.0,0.0
Payments to Other Funds,0,0,0,0,0,0,City Rep,City Development,City Representative,0.0,0.0,0.0,0.0,0.0,0.0
Personal Services,830942,887398,887398,887398,887398,887398,City Rep,City Development,City Representative,830942.0,0.0,0.0,0.0,0.0,0.0
Purchase of Services,399779,415779,399779,399779,399779,399779,City Rep,City Development,City Representative,399779.0,0.0,0.0,0.0,0.0,0.0
Advances & Misc.,0,0,0,0,0,0,Commerce,City Development,Commerce,0.0,0.0,0.0,0.0,0.0,0.0
Contrib./Indemnities,500000,500000,500000,500000,500000,500000,Commerce,City Development,Commerce,500000.0,0.0,0.0,0.0,0.0,0.0
Debt Service,0,0,0,0,0,0,Commerce,City Development,Commerce,0.0,0.0,0.0,0.0,0.0,0.0
Materials/Equip.,26654,26654,26654,26654,26654,26654,Commerce,City Development,Commerce,26654.0,26654.0,26654.0,26654.0,26654.0,26654.0
Payments to Other Funds,0,0,0,0,0,0,Commerce,City Development,Commerce,0.0,0.0,0.0,0.0,0.0,0.0
Personal Services,3506080,3921080,3993580,3993580,3993580,3993580,Commerce,City Development,Commerce,3506080.0,1424704.0,1424704.0,1424704.0,1424704.0,1424704.0
Purchase of Services,6254826,5148232,4231848,4230679,4239732,4239732,Commerce,City Development,Commerce,6254826.0,0.0,0.0,0.0,0.0,0.0
Advances & Misc.,0,0,0,0,0,0,Commerce,City Development,Convention Center Subsidy,0.0,0.0,0.0,0.0,0.0,0.0
Contrib./Indemnities,0,0,0,0,0,0,Commerce,City Development,Convention Center Subsidy,0.0,0.0,0.0,0.0,0.0,0.0
Debt Service,0,0,0,0,0,0,Commerce,City Development,Convention Center Subsidy,0.0,0.0,0.0,0.0,0.0,0.0
Materials/Equip.,0,0,0,0,0,0,Commerce,City Development,Convention Center Subsidy,0.0,0.0,0.0,0.0,0.0,0.0
Payments to Other Funds,0,0,0,0,0,0,Commerce,City Development,Convention Center Subsidy,0.0,0.0,0.0,0.0,0.0,0.0
Personal Services,0,0,0,0,0,0,Commerce,City Development,Convention Center Subsidy,0.0,0.0,0.0,0.0,0.0,0.0
Purchase of Services,15000000,15000000,15000000,15000000,15000000,15000000,Commerce,City Development,Convention Center Subsidy,15000000.0,15000000.0,15000000.0,15000000.0,15000000.0,15000000.0
Advances & Misc.,0,0,0,0,0,0,Commerce,City Development,Economic Stimulus,0.0,0.0,0.0,0.0,0.0,0.0
Contrib./Indemnities,0,0,0,0,0,0,Commerce,City Development,Economic Stimulus,0.0,0.0,0.0,0.0,0.0,0.0
Debt Service,0,0,0,0,0,0,Commerce,City Development,Economic Stimulus,0.0,0.0,0.0,0.0,0.0,0.0
Materials/Equip.,0,0,0,0,0,0,Commerce,City Development,Economic Stimulus,0.0,0.0,0.0,0.0,0.0,0.0
Payments to Other Funds,0,0,0,0,0,0,Commerce,City Development,Economic Stimulus,0.0,0.0,0.0,0.0,0.0,0.0
Personal Services,0,0,0,0,0,0,Commerce,City Development,Economic Stimulus,0.0,0.0,0.0,0.0,0.0,0.0
Purchase of Services,7671624,1171624,1171624,11171624,11171624,11171624,Commerce,City Development,Economic Stimulus,7671624.0,4000000.0,4000000.0,14000000.0,14000000.0,14000000.0
Advances & Misc.,0,0,0,0,0,0,Law,Finance & Administration,Law,0.0,0.0,0.0,0.0,0.0,0.0
Contrib./Indemnities,0,0,0,0,0,0,Law,Finance & Administration,Law,0.0,0.0,0.0,0.0,0.0,0.0
Debt Service,0,0,0,0,0,0,Law,Finance & Administration,Law,0.0,0.0,0.0,0.0,0.0,0.0
Materials/Equip.,248676,248676,248676,248676,248676,248676,Law,Finance & Administration,Law,248676.0,248676.0,248676.0,248676.0,248676.0,248676.0
Payments to Other Funds,0,0,0,0,0,0,Law,Finance & Administration,Law,0.0,0.0,0.0,0.0,0.0,0.0
Personal Services,9699076,9749076,9799076,9849076,9899076,9899076,Law,Finance & Administration,Law,9702333.0,7955772.0,8145008.0,9855772.0,9905772.0,9905772.0
Purchase of Services,6409034,6309034,6409034,6409034,6409034,6409034,Law,Finance & Administration,Law,6409034.0,6309034.0,6409034.0,6409034.0,6409034.0,6409034.0
Advances & Misc.,0,0,0,0,0,0,Board of Ethics,Regulatory,Board of Ethics,0.0,0.0,0.0,0.0,0.0,0.0
Contrib./Indemnities,0,0,0,0,0,0,Board of Ethics,Regulatory,Board of Ethics,0.0,0.0,0.0,0.0,0.0,0.0
Debt Service,0,0,0,0,0,0,Board of Ethics,Regulatory,Board of Ethics,0.0,0.0,0.0,0.0,0.0,0.0
Materials/Equip.,7500,7500,7500,7500,7500,7500,Board of Ethics,Regulatory,Board of Ethics,7500.0,7500.0,7500.0,7500.0,7500.0,7500.0
Payments to Other Funds,0,0,0,0,0,0,Board of Ethics,Regulatory,Board of Ethics,0.0,0.0,0.0,0.0,0.0,0.0
Personal Services,1041630,1041630,1041630,1041630,1041630,1041630,Board of Ethics,Regulatory,Board of Ethics,1044071.0,890218.0,915196.0,1045764.0,1045764.0,1045764.0
Purchase of Services,52500,52500,52500,52500,52500,52500,Board of Ethics,Regulatory,Board of Ethics,52500.0,52500.0,52500.0,52500.0,52500.0,52500.0
Advances & Misc.,0,0,0,0,0,0,Inspector General,Regulatory,Inspector General,0.0,0.0,0.0,0.0,0.0,0.0
Contrib./Indemnities,0,0,0,0,0,0,Inspector General,Regulatory,Inspector General,0.0,0.0,0.0,0.0,0.0,0.0
Debt Service,0,0,0,0,0,0,Inspector General,Regulatory,Inspector General,0.0,0.0,0.0,0.0,0.0,0.0
Materials/Equip.,35225,35225,35225,35225,35225,35225,Inspector General,Regulatory,Inspector General,5225.0,5225.0,5225.0,5225.0,5225.0,5225.0
Payments to Other Funds,0,0,0,0,0,0,Inspector General,Regulatory,Inspector General,0.0,0.0,0.0,0.0,0.0,0.0
Personal Services,1509223,1609223,1609223,1609223,1609223,1609223,Inspector General,Regulatory,Inspector General,1639223.0,1347481.0,1379223.0,1639223.0,1639223.0,1639223.0
Purchase of Services,197975,97975,97975,97975,97975,97975,Inspector General,Regulatory,Inspector General,97975.0,97975.0,97975.0,97975.0,97975.0,97975.0
Advances & Misc.,0,0,0,0,0,0,Sustainability,Infrastructure Services,Sustainability,0.0,0.0,0.0,0.0,0.0,0.0
Contrib./Indemnities,0,0,0,0,0,0,Sustainability,Infrastructure Services,Sustainability,0.0,0.0,0.0,0.0,0.0,0.0
Debt Service,0,0,0,0,0,0,Sustainability,Infrastructure Services,Sustainability,0.0,0.0,0.0,0.0,0.0,0.0
Materials/Equip.,17840,17840,17840,17840,17840,17840,Sustainability,Infrastructure Services,Sustainability,17840.0,17840.0,17840.0,17840.0,17840.0,17840.0
Payments to Other Funds,250000,250000,250000,250000,250000,250000,Sustainability,Infrastructure Services,Sustainability,250000.0,250000.0,250000.0,250000.0,250000.0,250000.0
Personal Services,526456,1054956,1087456,1087456,1087456,1087456,Sustainability,Infrastructure Services,Sustainability,556456.0,418165.0,460933.0,1087456.0,1087456.0,1087456.0
Purchase of Services,673508,1143508,1143508,1143508,1143508,1143508,Sustainability,Infrastructure Services,Sustainability,643508.0,516985.0,516985.0,1143508.0,1143508.0,1143508.0
Advances & Misc.,0,0,0,0,0,0,Mural Arts,"Recreation, Arts & Culture",Mural Arts,0.0,0.0,0.0,0.0,0.0,0.0
Contrib./Indemnities,0,0,0,0,0,0,Mural Arts,"Recreation, Arts & Culture",Mural Arts,0.0,0.0,0.0,0.0,0.0,0.0
Debt Service,0,0,0,0,0,0,Mural Arts,"Recreation, Arts & Culture",Mural Arts,0.0,0.0,0.0,0.0,0.0,0.0
Materials/Equip.,0,0,0,0,0,0,Mural Arts,"Recreation, Arts & Culture",Mural Arts,0.0,0.0,0.0,0.0,0.0,0.0
Payments to Other Funds,0,0,0,0,0,0,Mural Arts,"Recreation, Arts & Culture",Mural Arts,0.0,0.0,0.0,0.0,0.0,0.0
Personal Services,617069,597069,597069,597069,597069,597069,Mural Arts,"Recreation, Arts & Culture",Mural Arts,649569.0,578952.0,586569.0,629569.0,629569.0,629569.0
Purchase of Services,1928115,1913115,1913115,1913115,1913115,1913115,Mural Arts,"Recreation, Arts & Culture",Mural Arts,1895615.0,1425610.0,1425610.0,1880615.0,1880615.0,1880615.0
Advances & Misc.,0,0,0,0,0,0,Free Library,"Recreation, Arts & Culture",Free Library,0.0,0.0,0.0,0.0,0.0,0.0
Contrib./Indemnities,0,0,0,0,0,0,Free Library,"Recreation, Arts & Culture",Free Library,0.0,0.0,0.0,0.0,0.0,0.0
Debt Service,0,0,0,0,0,0,Free Library,"Recreation, Arts & Culture",Free Library,0.0,0.0,0.0,0.0,0.0,0.0
Materials/Equip.,2302659,2302659,2302659,2302659,2302659,2302659,Free Library,"Recreation, Arts & Culture",Free Library,2302659.0,2302659.0,2302659.0,2302659.0,2302659.0,2302659.0
Payments to Other Funds,0,0,0,0,0,0,Free Library,"Recreation, Arts & Culture",Free Library,0.0,0.0,0.0,0.0,0.0,0.0
Personal Services,40633647,43433854,43451433,43464611,43472731,43472731,Free Library,"Recreation, Arts & Culture",Free Library,40855038.0,34166463.0,34219803.0,43945099.0,43953219.0,43953219.0
Purchase of Services,2824077,2824077,2824077,2824077,2824077,2824077,Free Library,"Recreation, Arts & Culture",Free Library,2824077.0,2824077.0,2824077.0,2824077.0,2824077.0,2824077.0
Advances & Misc.,0,0,0,0,0,0,Human Relations ,Community Services,Human Relations Commission,0.0,0.0,0.0,0.0,0.0,0.0
Contrib./Indemnities,0,0,0,0,0,0,Human Relations ,Community Services,Human Relations Commission,0.0,0.0,0.0,0.0,0.0,0.0
Debt Service,0,0,0,0,0,0,Human Relations ,Community Services,Human Relations Commission,0.0,0.0,0.0,0.0,0.0,0.0
Materials/Equip.,28031,28031,28031,28031,28031,28031,Human Relations ,Community Services,Human Relations Commission,28031.0,28031.0,28031.0,28031.0,28031.0,28031.0
Payments to Other Funds,0,0,0,0,0,0,Human Relations ,Community Services,Human Relations Commission,0.0,0.0,0.0,0.0,0.0,0.0
Personal Services,2338714,2482401,2482401,2482401,2482401,2482401,Human Relations ,Community Services,Human Relations Commission,2357738.0,2357512.0,2366402.0,2525089.0,2525089.0,2525089.0
Purchase of Services,34657,34657,34657,34657,34657,34657,Human Relations ,Community Services,Human Relations Commission,34657.0,34657.0,34657.0,34657.0,34657.0,34657.0
Advances & Misc.,0,0,0,0,0,0,Civil Service Commission,Finance & Administration,Civil Service Commission,0.0,0.0,0.0,0.0,0.0,0.0
Contrib./Indemnities,0,0,0,0,0,0,Civil Service Commission,Finance & Administration,Civil Service Commission,0.0,0.0,0.0,0.0,0.0,0.0
Debt Service,0,0,0,0,0,0,Civil Service Commission,Finance & Administration,Civil Service Commission,0.0,0.0,0.0,0.0,0.0,0.0
Materials/Equip.,1094,1094,1094,1094,1094,1094,Civil Service Commission,Finance & Administration,Civil Service Commission,1094.0,1094.0,1094.0,1094.0,1094.0,1094.0
Payments to Other Funds,0,0,0,0,0,0,Civil Service Commission,Finance & Administration,Civil Service Commission,0.0,0.0,0.0,0.0,0.0,0.0
Personal Services,174341,174341,174341,174341,174341,174341,Civil Service Commission,Finance & Administration,Civil Service Commission,174742.0,177148.0,177148.0,177148.0,177148.0,177148.0
Purchase of Services,29500,29500,29500,29500,29500,29500,Civil Service Commission,Finance & Administration,Civil Service Commission,29500.0,29500.0,29500.0,29500.0,29500.0,29500.0
Advances & Misc.,0,40000000,60000000,80000000,100000000,100000000,Civil Service Commission,Budget Reserves,Labor Reserve,0.0,6716949.0,31878000.0,51878000.0,71878000.0,71878000.0
Contrib./Indemnities,0,0,0,0,0,0,Civil Service Commission,Budget Reserves,Labor Reserve,0.0,0.0,0.0,0.0,0.0,0.0
Debt Service,0,0,0,0,0,0,Civil Service Commission,Budget Reserves,Labor Reserve,0.0,0.0,0.0,0.0,0.0,0.0
Materials/Equip.,0,0,0,0,0,0,Civil Service Commission,Budget Reserves,Labor Reserve,0.0,0.0,0.0,0.0,0.0,0.0
Payments to Other Funds,0,0,0,0,0,0,Civil Service Commission,Budget Reserves,Labor Reserve,0.0,0.0,0.0,0.0,0.0,0.0
Personal Services,0,0,0,0,0,0,Civil Service Commission,Budget Reserves,Labor Reserve,0.0,0.0,0.0,0.0,0.0,0.0
Purchase of Services,0,0,0,0,0,0,Civil Service Commission,Budget Reserves,Labor Reserve,0.0,0.0,0.0,0.0,0.0,0.0
Advances & Misc.,0,0,0,0,0,0,Human Resources,Finance & Administration,Human Resources,0.0,0.0,0.0,0.0,0.0,0.0
Contrib./Indemnities,0,0,0,0,0,0,Human Resources,Finance & Administration,Human Resources,0.0,0.0,0.0,0.0,0.0,0.0
Debt Service,0,0,0,0,0,0,Human Resources,Finance & Administration,Human Resources,0.0,0.0,0.0,0.0,0.0,0.0
Materials/Equip.,89432,69432,69432,69432,69432,69432,Human Resources,Finance & Administration,Human Resources,89432.0,69432.0,69432.0,69432.0,69432.0,69432.0
Payments to Other Funds,0,0,0,0,0,0,Human Resources,Finance & Administration,Human Resources,0.0,0.0,0.0,0.0,0.0,0.0
Personal Services,5577022,5577022,5577022,5577022,5577022,5577022,Human Resources,Finance & Administration,Human Resources,5591299.0,4296837.0,4318896.0,5655959.0,5655959.0,5655959.0
Purchase of Services,1229070,1239070,1159070,1159070,1239070,1239070,Human Resources,Finance & Administration,Human Resources,1229070.0,1239070.0,1159070.0,1159070.0,1239070.0,1239070.0
Advances & Misc.,0,0,0,0,0,0,Arts & Culture,"Recreation, Arts & Culture","Arts, Culture, and the Creative Economy",0.0,0.0,0.0,0.0,0.0,0.0
Contrib./Indemnities,3620688,3370688,3370688,3370688,3370688,3370688,Arts & Culture,"Recreation, Arts & Culture","Arts, Culture, and the Creative Economy",3620688.0,0.0,0.0,0.0,0.0,0.0
Debt Service,0,0,0,0,0,0,Arts & Culture,"Recreation, Arts & Culture","Arts, Culture, and the Creative Economy",0.0,0.0,0.0,0.0,0.0,0.0
Materials/Equip.,7000,7000,7000,7000,7000,7000,Arts & Culture,"Recreation, Arts & Culture","Arts, Culture, and the Creative Economy",7000.0,0.0,0.0,0.0,0.0,0.0
Payments to Other Funds,0,0,0,0,0,0,Arts & Culture,"Recreation, Arts & Culture","Arts, Culture, and the Creative Economy",0.0,0.0,0.0,0.0,0.0,0.0
Personal Services,579428,579428,579428,579428,579428,579428,Arts & Culture,"Recreation, Arts & Culture","Arts, Culture, and the Creative Economy",579428.0,0.0,0.0,0.0,0.0,0.0
Purchase of Services,212014,212014,212014,212014,212014,212014,Arts & Culture,"Recreation, Arts & Culture","Arts, Culture, and the Creative Economy",212014.0,0.0,0.0,0.0,0.0,0.0
Advances & Misc.,0,0,0,0,0,0,Property Assessment,Regulatory,Property Assessment,0.0,0.0,0.0,0.0,0.0,0.0
Contrib./Indemnities,0,0,0,0,0,0,Property Assessment,Regulatory,Property Assessment,0.0,0.0,0.0,0.0,0.0,0.0
Debt Service,0,0,0,0,0,0,Property Assessment,Regulatory,Property Assessment,0.0,0.0,0.0,0.0,0.0,0.0
Materials/Equip.,787600,787600,787600,787600,787600,787600,Property Assessment,Regulatory,Property Assessment,787600.0,762600.0,762600.0,787600.0,787600.0,787600.0
Payments to Other Funds,0,0,0,0,0,0,Property Assessment,Regulatory,Property Assessment,0.0,0.0,0.0,0.0,0.0,0.0
Personal Services,14127682,14127682,14127682,14127682,14127682,14127682,Property Assessment,Regulatory,Property Assessment,14240098.0,13117163.0,13153846.0,14359846.0,14359846.0,14359846.0
Purchase of Services,2403126,2712400,2428126,2328126,2328126,2328126,Property Assessment,Regulatory,Property Assessment,2403126.0,2180632.0,1896358.0,2328126.0,2328126.0,2328126.0
Advances & Misc.,0,0,0,0,0,0,City Controller,Regulatory,City Controller,0.0,0.0,0.0,0.0,0.0,0.0
Contrib./Indemnities,0,0,0,0,0,0,City Controller,Regulatory,City Controller,0.0,0.0,0.0,0.0,0.0,0.0
Debt Service,0,0,0,0,0,0,City Controller,Regulatory,City Controller,0.0,0.0,0.0,0.0,0.0,0.0
Materials/Equip.,25000,25000,25000,25000,25000,25000,City Controller,Regulatory,City Controller,25000.0,25000.0,25000.0,25000.0,25000.0,25000.0
Payments to Other Funds,0,0,0,0,0,0,City Controller,Regulatory,City Controller,0.0,0.0,0.0,0.0,0.0,0.0
Personal Services,9452100,9452100,9452100,9452100,9452100,9452100,City Controller,Regulatory,City Controller,9512516.0,9032301.0,9032301.0,9604115.0,9604115.0,9604115.0
Purchase of Services,497450,497450,497450,497450,497450,497450,City Controller,Regulatory,City Controller,497450.0,497450.0,497450.0,497450.0,497450.0,497450.0
Advances & Misc.,0,0,0,0,0,0,Revision of Taxes,Regulatory,Board of Revision of Taxes,0.0,0.0,0.0,0.0,0.0,0.0
Contrib./Indemnities,0,0,0,0,0,0,Revision of Taxes,Regulatory,Board of Revision of Taxes,0.0,0.0,0.0,0.0,0.0,0.0
Debt Service,0,0,0,0,0,0,Revision of Taxes,Regulatory,Board of Revision of Taxes,0.0,0.0,0.0,0.0,0.0,0.0
Materials/Equip.,22727,22727,22727,22727,22727,22727,Revision of Taxes,Regulatory,Board of Revision of Taxes,22727.0,17727.0,17727.0,22727.0,22727.0,22727.0
Payments to Other Funds,0,0,0,0,0,0,Revision of Taxes,Regulatory,Board of Revision of Taxes,0.0,0.0,0.0,0.0,0.0,0.0
Personal Services,995164,995164,995164,995164,995164,995164,Revision of Taxes,Regulatory,Board of Revision of Taxes,995164.0,984916.0,995164.0,995164.0,995164.0,995164.0
Purchase of Services,42900,42900,42900,42900,42900,42900,Revision of Taxes,Regulatory,Board of Revision of Taxes,42900.0,37900.0,37900.0,42900.0,42900.0,42900.0
Advances & Misc.,0,0,0,0,0,0,Chief Admin. Officer,Finance & Administration,Chief Administrative Officer,0.0,0.0,0.0,0.0,0.0,0.0
Contrib./Indemnities,0,0,0,0,0,0,Chief Admin. Officer,Finance & Administration,Chief Administrative Officer,0.0,0.0,0.0,0.0,0.0,0.0
Debt Service,0,0,0,0,0,0,Chief Admin. Officer,Finance & Administration,Chief Administrative Officer,0.0,0.0,0.0,0.0,0.0,0.0
Materials/Equip.,26665,26665,26665,26665,26665,26665,Chief Admin. Officer,Finance & Administration,Chief Administrative Officer,26665.0,26665.0,26665.0,26665.0,26665.0,26665.0
Payments to Other Funds,0,0,0,0,0,0,Chief Admin. Officer,Finance & Administration,Chief Administrative Officer,0.0,0.0,0.0,0.0,0.0,0.0
Personal Services,4856330,4724080,4664080,4604080,4604080,4604080,Chief Admin. Officer,Finance & Administration,Chief Administrative Officer,4856824.0,4245141.0,4248373.0,4607538.0,4607538.0,4607538.0
Purchase of Services,2627049,2902049,2502049,2502049,2502049,2502049,Chief Admin. Officer,Finance & Administration,Chief Administrative Officer,2627049.0,2050549.0,1650549.0,2502049.0,2502049.0,2502049.0
Advances & Misc.,0,0,0,0,0,0,Children and Families,Education,Children and Families,0.0,0.0,0.0,0.0,0.0,0.0
Contrib./Indemnities,1500000,0,0,0,0,0,Children and Families,Education,Children and Families,1500000.0,0.0,0.0,0.0,0.0,0.0
Debt Service,0,0,0,0,0,0,Children and Families,Education,Children and Families,0.0,0.0,0.0,0.0,0.0,0.0
Materials/Equip.,42000,0,0,0,0,0,Children and Families,Education,Children and Families,42000.0,0.0,0.0,0.0,0.0,0.0
Payments to Other Funds,0,0,0,0,0,0,Children and Families,Education,Children and Families,0.0,0.0,0.0,0.0,0.0,0.0
Personal Services,3292180,442000,442000,442000,442000,442000,Children and Families,Education,Children and Families,3292180.0,442000.0,442000.0,442000.0,442000.0,442000.0
Purchase of Services,40515834,0,0,0,0,0,Children and Families,Education,Children and Families,40515834.0,0.0,0.0,0.0,0.0,0.0
Advances & Misc.,0,0,0,0,0,0,Register of Wills,Finance & Administration,Register of Wills,0.0,0.0,0.0,0.0,0.0,0.0
Contrib./Indemnities,0,0,0,0,0,0,Register of Wills,Finance & Administration,Register of Wills,0.0,0.0,0.0,0.0,0.0,0.0
Debt Service,0,0,0,0,0,0,Register of Wills,Finance & Administration,Register of Wills,0.0,0.0,0.0,0.0,0.0,0.0
Materials/Equip.,140236,140236,189750,189750,189750,189750,Register of Wills,Finance & Administration,Register of Wills,140236.0,140236.0,189750.0,189750.0,189750.0,189750.0
Payments to Other Funds,0,0,0,0,0,0,Register of Wills,Finance & Administration,Register of Wills,0.0,0.0,0.0,0.0,0.0,0.0
Personal Services,4388409,4388409,4388409,4388409,4388409,4388409,Register of Wills,Finance & Administration,Register of Wills,4299820.0,3956193.0,3956193.0,4380284.0,4380284.0,4380284.0
Purchase of Services,238700,125000,75486,75486,75486,75486,Register of Wills,Finance & Administration,Register of Wills,238700.0,125000.0,75486.0,75486.0,75486.0,75486.0
Advances & Misc.,0,0,0,0,0,0,District Attorney,Public Safety,District Attorney,0.0,0.0,0.0,0.0,0.0,0.0
Contrib./Indemnities,0,0,0,0,0,0,District Attorney,Public Safety,District Attorney,0.0,0.0,0.0,0.0,0.0,0.0
Debt Service,0,0,0,0,0,0,District Attorney,Public Safety,District Attorney,0.0,0.0,0.0,0.0,0.0,0.0
Materials/Equip.,675021,525021,525021,525021,525021,525021,District Attorney,Public Safety,District Attorney,675021.0,420017.0,420017.0,525021.0,525021.0,525021.0
Payments to Other Funds,0,0,0,0,0,0,District Attorney,Public Safety,District Attorney,0.0,0.0,0.0,0.0,0.0,0.0
Personal Services,37516343,37516343,37516343,37516343,37516343,37516343,District Attorney,Public Safety,District Attorney,37587796.0,30221343.0,30221343.0,37724612.0,37724612.0,37724612.0
Purchase of Services,3867172,3367172,3367172,3367172,3367172,3367172,District Attorney,Public Safety,District Attorney,3867172.0,2693738.0,2693738.0,3367172.0,3367172.0,3367172.0
Advances & Misc.,0,0,0,0,0,0,Sheriff,Public Safety,Sheriff,0.0,0.0,0.0,0.0,0.0,0.0
Contrib./Indemnities,0,0,0,0,0,0,Sheriff,Public Safety,Sheriff,0.0,0.0,0.0,0.0,0.0,0.0
Debt Service,0,0,0,0,0,0,Sheriff,Public Safety,Sheriff,0.0,0.0,0.0,0.0,0.0,0.0
Materials/Equip.,708907,498157,498157,498157,498157,498157,Sheriff,Public Safety,Sheriff,708907.0,498157.0,498157.0,498157.0,498157.0,498157.0
Payments to Other Funds,0,0,0,0,0,0,Sheriff,Public Safety,Sheriff,0.0,0.0,0.0,0.0,0.0,0.0
Personal Services,25443537,25443537,25443537,25443537,25443537,25443537,Sheriff,Public Safety,Sheriff,25641941.0,25165728.0,25165728.0,26062267.0,26062267.0,26062267.0
Purchase of Services,894517,1105267,1105267,1105267,1105267,1105267,Sheriff,Public Safety,Sheriff,894517.0,1105267.0,1105267.0,1105267.0,1105267.0,1105267.0
Advances & Misc.,0,0,0,0,0,0,Planning & Development,City Development,Planning & Development,0.0,0.0,0.0,0.0,0.0,0.0
Contrib./Indemnities,6350000,7119188,7119188,7119188,7119188,7119188,Planning & Development,City Development,Planning & Development,6350000.0,0.0,0.0,7119188.0,7119188.0,7119188.0
Debt Service,0,0,0,0,0,0,Planning & Development,City Development,Planning & Development,0.0,0.0,0.0,0.0,0.0,0.0
Materials/Equip.,101461,81461,81461,81461,81461,81461,Planning & Development,City Development,Planning & Development,101461.0,80761.0,80761.0,81461.0,81461.0,81461.0
Payments to Other Funds,0,0,0,0,0,0,Planning & Development,City Development,Planning & Development,0.0,0.0,0.0,0.0,0.0,0.0
Personal Services,5173902,5273902,5273902,5273902,5273902,5273902,Planning & Development,City Development,Planning & Development,5200043.0,4825763.0,4864408.0,5337538.0,5337538.0,5337538.0
Purchase of Services,5192113,3217113,3187113,3187113,3187113,3187113,Planning & Development,City Development,Planning & Development,5192113.0,2719463.0,2689463.0,3187113.0,3187113.0,3187113.0
Advances & Misc.,0,0,0,0,0,0,City Commissioners,Legislative & Elections,City Commissioners,0.0,0.0,0.0,0.0,0.0,0.0
Contrib./Indemnities,0,0,0,0,0,0,City Commissioners,Legislative & Elections,City Commissioners,0.0,0.0,0.0,0.0,0.0,0.0
Debt Service,0,0,0,0,0,0,City Commissioners,Legislative & Elections,City Commissioners,0.0,0.0,0.0,0.0,0.0,0.0
Materials/Equip.,572617,5634635,541617,541617,572617,572617,City Commissioners,Legislative & Elections,City Commissioners,572617.0,572617.0,541617.0,5603635.0,572617.0,572617.0
Payments to Other Funds,0,0,0,0,0,0,City Commissioners,Legislative & Elections,City Commissioners,0.0,0.0,0.0,0.0,0.0,0.0
Personal Services,6633233,10072191,9572191,9572191,9572191,9572191,City Commissioners,Legislative & Elections,City Commissioners,6636209.0,6646013.0,6646013.0,10084971.0,9584971.0,9584971.0
Purchase of Services,5011061,6758929,4340061,4340061,4445061,4445061,City Commissioners,Legislative & Elections,City Commissioners,5011061.0,5011061.0,4861061.0,6608929.0,4445061.0,4445061.0
Advances & Misc.,0,0,0,0,0,0,First Judicial District,Public Safety,First Judicial District,0.0,0.0,0.0,0.0,0.0,0.0
Contrib./Indemnities,0,0,0,0,0,0,First Judicial District,Public Safety,First Judicial District,0.0,0.0,0.0,0.0,0.0,0.0
Debt Service,0,0,0,0,0,0,First Judicial District,Public Safety,First Judicial District,0.0,0.0,0.0,0.0,0.0,0.0
Materials/Equip.,2231868,2231868,2231868,2231868,2231868,2231868,First Judicial District,Public Safety,First Judicial District,2231868.0,2231868.0,2231868.0,2231868.0,2231868.0,2231868.0
Payments to Other Funds,0,0,0,0,0,0,First Judicial District,Public Safety,First Judicial District,0.0,0.0,0.0,0.0,0.0,0.0
Personal Services,105279568,105608619,105608619,105608619,105608619,105608619,First Judicial District,Public Safety,First Judicial District,105610726.0,105324122.0,105324122.0,106140673.0,106140673.0,106140673.0
Purchase of Services,8480039,9426545,9426545,9426545,9426545,9426545,First Judicial District,Public Safety,First Judicial District,8480039.0,8480039.0,8480039.0,9426545.0,9426545.0,9426545.0
